time,instances,util,load,capacity,scaled
1995-08-23 00:00:00-04:00,2,2.891644647960758,8674933.943882274,3000000.0,True
1995-08-23 00:15:00-04:00,3,1.5882817854084212,7147268.034337896,4500000.0,True
1995-08-23 00:30:00-04:00,4,0.8978062153332572,5386837.291999543,6000000.0,True
1995-08-23 00:45:00-04:00,5,0.9580419225066393,7185314.418799795,7500000.0,True
1995-08-23 01:00:00-04:00,5,0.567965247533228,4259739.35649921,7500000.0,False
1995-08-23 01:15:00-04:00,5,0.4286717020957312,3215037.7657179837,7500000.0,False
1995-08-23 01:30:00-04:00,5,0.7399264972502352,5549448.729376764,7500000.0,False
1995-08-23 01:45:00-04:00,5,0.5375823645263748,4031867.7339478107,7500000.0,False
1995-08-23 02:00:00-04:00,5,0.45811186426612915,3435838.9819959686,7500000.0,False
1995-08-23 02:15:00-04:00,5,0.8347993494544762,6260995.120908571,7500000.0,False
1995-08-23 02:30:00-04:00,5,0.6620586789505939,4965440.092129454,7500000.0,False
1995-08-23 02:45:00-04:00,5,0.6591117891952173,4943338.41896413,7500000.0,False
1995-08-23 03:00:00-04:00,5,0.7155311490779348,5366483.618084511,7500000.0,False
1995-08-23 03:15:00-04:00,6,1.1808111997306188,10627300.797575569,9000000.0,True
1995-08-23 03:30:00-04:00,6,0.6687818637287847,6019036.773559062,9000000.0,False
1995-08-23 03:45:00-04:00,6,0.6865875692130412,6179288.122917371,9000000.0,False
1995-08-23 04:00:00-04:00,6,0.7538567288026915,6784710.559224224,9000000.0,False
1995-08-23 04:15:00-04:00,6,0.35859703844780216,3227373.3460302195,9000000.0,False
1995-08-23 04:30:00-04:00,6,0.30302111557686706,2727190.0401918036,9000000.0,False
1995-08-23 04:45:00-04:00,6,0.2542417572440859,2288175.815196773,9000000.0,False
1995-08-23 05:00:00-04:00,6,0.3519198080462759,3167278.2724164827,9000000.0,False
1995-08-23 05:15:00-04:00,6,0.6820779227944663,6138701.305150197,9000000.0,False
1995-08-23 05:30:00-04:00,7,0.9756126685299288,10243933.019564252,10500000.0,True
1995-08-23 05:45:00-04:00,7,0.7698650922954954,8083583.469102701,10500000.0,False
1995-08-23 06:00:00-04:00,7,0.46786310248213525,4912562.57606242,10500000.0,False
1995-08-23 06:15:00-04:00,7,0.5684045474538063,5968247.7482649665,10500000.0,False
1995-08-23 06:30:00-04:00,7,0.671638093305389,7052199.9797065845,10500000.0,False
1995-08-23 06:45:00-04:00,7,0.8098577622820874,8503506.503961917,10500000.0,False
1995-08-23 07:00:00-04:00,7,0.7249352225776017,7611819.837064818,10500000.0,False
1995-08-23 07:15:00-04:00,7,0.8046124951095792,8448431.198650582,10500000.0,False
1995-08-23 07:30:00-04:00,7,0.6760473861110712,7098497.554166247,10500000.0,False
1995-08-23 07:45:00-04:00,7,0.7357797655063637,7725687.537816819,10500000.0,False
1995-08-23 08:00:00-04:00,7,0.8291998650398567,8706598.582918495,10500000.0,False
1995-08-23 08:15:00-04:00,7,0.7567759803935284,7946147.794132049,10500000.0,False
1995-08-23 08:30:00-04:00,7,0.8167381103742802,8575750.158929942,10500000.0,False
1995-08-23 08:45:00-04:00,8,1.0249636825352109,12299564.19042253,12000000.0,True
1995-08-23 09:00:00-04:00,8,0.7196232102431579,8635478.522917895,12000000.0,False
1995-08-23 09:15:00-04:00,8,0.7457793229578988,8949351.875494786,12000000.0,False
1995-08-23 09:30:00-04:00,8,0.6750626781833097,8100752.138199716,12000000.0,False
1995-08-23 09:45:00-04:00,8,0.7880685898900414,9456823.078680497,12000000.0,False
1995-08-23 10:00:00-04:00,8,0.7564573320193093,9077487.984231712,12000000.0,False
1995-08-23 10:15:00-04:00,8,0.6733029509980962,8079635.411977154,12000000.0,False
1995-08-23 10:30:00-04:00,8,0.8239825936929938,9887791.124315925,12000000.0,False
1995-08-23 10:45:00-04:00,8,0.7958959584146569,9550751.500975883,12000000.0,False
1995-08-23 11:00:00-04:00,8,0.9528259249755228,11433911.099706274,12000000.0,False
1995-08-23 11:15:00-04:00,8,0.9588701184439644,11506441.421327572,12000000.0,False
1995-08-23 11:30:00-04:00,9,1.068033930072473,14418458.055978386,13500000.0,True
1995-08-23 11:45:00-04:00,9,0.6912510501031746,9331889.176392857,13500000.0,False
1995-08-23 12:00:00-04:00,10,1.0878320467244726,16317480.700867089,15000000.0,True
1995-08-23 12:15:00-04:00,11,1.0151651325939286,16750224.68779982,16500000.0,True
1995-08-23 12:30:00-04:00,12,1.0234642824464601,18422357.084036283,18000000.0,True
1995-08-23 12:45:00-04:00,12,0.7487186288361865,13476935.319051355,18000000.0,False
1995-08-23 13:00:00-04:00,12,0.7135307313209884,12843553.163777791,18000000.0,False
1995-08-23 13:15:00-04:00,12,1.0559991098510155,19007983.97731828,18000000.0,False
1995-08-23 13:30:00-04:00,12,0.9370391463493903,16866704.634289026,18000000.0,False
1995-08-23 13:45:00-04:00,12,0.789699758028637,14214595.644515466,18000000.0,False
1995-08-23 14:00:00-04:00,12,0.9320123130534461,16776221.63496203,18000000.0,False
1995-08-23 14:15:00-04:00,12,0.6806136488057343,12251045.678503217,18000000.0,False
1995-08-23 14:30:00-04:00,12,0.8046110887384412,14482999.597291943,18000000.0,False
1995-08-23 14:45:00-04:00,12,0.8110635077832351,14599143.140098233,18000000.0,False
1995-08-23 15:00:00-04:00,12,0.8610499857830144,15498899.744094258,18000000.0,False
1995-08-23 15:15:00-04:00,12,0.634240360875077,11416326.495751385,18000000.0,False
1995-08-23 15:30:00-04:00,12,0.8790902311305119,15823624.160349214,18000000.0,False
1995-08-23 15:45:00-04:00,12,1.0777743932201558,19399939.077962805,18000000.0,False
1995-08-23 16:00:00-04:00,12,1.0847033119357807,19524659.614844054,18000000.0,False
1995-08-23 16:15:00-04:00,13,0.9922489014304232,19348853.577893253,19500000.0,True
1995-08-23 16:30:00-04:00,13,1.0946322687467218,21345329.240561076,19500000.0,False
1995-08-23 16:45:00-04:00,13,0.8329443607428804,16242415.034486167,19500000.0,False
1995-08-23 17:00:00-04:00,13,0.5631014280751409,10980477.847465247,19500000.0,False
1995-08-23 17:15:00-04:00,13,0.5782718589887903,11276301.25028141,19500000.0,False
1995-08-23 17:30:00-04:00,13,0.6666973490047439,13000598.305592505,19500000.0,False
1995-08-23 17:45:00-04:00,13,0.6176102951411725,12043400.755252864,19500000.0,False
1995-08-23 18:00:00-04:00,13,0.5348025024150854,10428648.797094166,19500000.0,False
1995-08-23 18:15:00-04:00,13,0.6231038061573583,12150524.220068486,19500000.0,False
1995-08-23 18:30:00-04:00,13,0.8039866628167016,15677739.924925681,19500000.0,False
1995-08-23 18:45:00-04:00,13,0.44754934943102587,8727212.313905004,19500000.0,False
1995-08-23 19:00:00-04:00,13,0.4375720682785348,8532655.331431428,19500000.0,False
1995-08-23 19:15:00-04:00,13,0.5346731537118058,10426126.497380212,19500000.0,False
1995-08-23 19:30:00-04:00,13,0.5429802938399624,10588115.729879266,19500000.0,False
1995-08-23 19:45:00-04:00,13,0.4932398437140092,9618176.95242318,19500000.0,False
1995-08-23 20:00:00-04:00,12,0.5226551742714208,9407793.136885574,18000000.0,True
1995-08-23 20:15:00-04:00,12,0.46899970829141635,8441994.749245495,18000000.0,False
1995-08-23 20:30:00-04:00,12,0.44520594456474477,8013707.002165406,18000000.0,False
1995-08-23 20:45:00-04:00,12,0.33947566861169326,6110562.035010478,18000000.0,False
1995-08-23 21:00:00-04:00,12,0.3364325237258686,6055785.427065635,18000000.0,False
1995-08-23 21:15:00-04:00,12,0.27276287928987525,4909731.827217755,18000000.0,False
1995-08-23 21:30:00-04:00,12,0.581654271522447,10469776.887404045,18000000.0,False
1995-08-23 21:45:00-04:00,12,0.32648400762718205,5876712.137289277,18000000.0,False
1995-08-23 22:00:00-04:00,12,0.46089479188441046,8296106.253919388,18000000.0,False
1995-08-23 22:15:00-04:00,12,0.46743037198123283,8413746.695662191,18000000.0,False
1995-08-23 22:30:00-04:00,12,0.465319776355879,8375755.974405822,18000000.0,False
1995-08-23 22:45:00-04:00,12,0.5131744212255612,9237139.582060102,18000000.0,False
1995-08-23 23:00:00-04:00,12,0.6009248925136351,10816648.065245433,18000000.0,False
1995-08-23 23:15:00-04:00,12,0.5188737639166273,9339727.750499291,18000000.0,False
1995-08-23 23:30:00-04:00,12,0.5449346767081742,9808824.180747135,18000000.0,False
1995-08-23 23:45:00-04:00,12,0.41404446605323597,7452800.388958247,18000000.0,False
1995-08-24 00:00:00-04:00,12,0.29770855716938904,5358754.029049003,18000000.0,False
1995-08-24 00:15:00-04:00,12,0.2552969589710353,4595345.2614786355,18000000.0,False
1995-08-24 00:30:00-04:00,12,0.3761617059154311,6770910.706477759,18000000.0,False
1995-08-24 00:45:00-04:00,12,0.30175396455728076,5431571.362031054,18000000.0,False
1995-08-24 01:00:00-04:00,12,0.3731094680607114,6715970.425092805,18000000.0,False
1995-08-24 01:15:00-04:00,12,0.32728636694153906,5891154.604947703,18000000.0,False
1995-08-24 01:30:00-04:00,12,0.3137807360474226,5648053.248853607,18000000.0,False
1995-08-24 01:45:00-04:00,12,0.27847808699165877,5012605.565849857,18000000.0,False
1995-08-24 02:00:00-04:00,12,0.2887473942184679,5197453.095932422,18000000.0,False
1995-08-24 02:15:00-04:00,12,0.1637720056744216,2947896.102139589,18000000.0,False
1995-08-24 02:30:00-04:00,12,0.2569743800114961,4625538.8402069295,18000000.0,False
1995-08-24 02:45:00-04:00,12,0.2066047469747279,3718885.445545102,18000000.0,False
1995-08-24 03:00:00-04:00,12,0.16188868322098607,2913996.2979777493,18000000.0,False
1995-08-24 03:15:00-04:00,12,0.16328950491848537,2939211.0885327365,18000000.0,False
1995-08-24 03:30:00-04:00,12,0.17274700641733332,3109446.1155119995,18000000.0,False
1995-08-24 03:45:00-04:00,12,0.14366091964886685,2585896.553679603,18000000.0,False
1995-08-24 04:00:00-04:00,12,0.1459402120135391,2626923.816243704,18000000.0,False
1995-08-24 04:15:00-04:00,12,0.18174290448552652,3271372.2807394774,18000000.0,False
1995-08-24 04:30:00-04:00,12,0.21122827790262197,3802109.002247195,18000000.0,False
1995-08-24 04:45:00-04:00,12,0.15989716310637378,2878148.935914728,18000000.0,False
1995-08-24 05:00:00-04:00,12,0.1785642601579083,3214156.682842349,18000000.0,False
1995-08-24 05:15:00-04:00,12,0.11731184321003746,2111613.1777806743,18000000.0,False
1995-08-24 05:30:00-04:00,12,0.27106549246250483,4879178.864325087,18000000.0,False
1995-08-24 05:45:00-04:00,12,0.21029741993963777,3785353.55891348,18000000.0,False
1995-08-24 06:00:00-04:00,12,0.20087864587770032,3615815.625798606,18000000.0,False
1995-08-24 06:15:00-04:00,12,0.2145496059967752,3861892.9079419537,18000000.0,False
1995-08-24 06:30:00-04:00,12,0.21672129515633295,3900983.312813993,18000000.0,False
1995-08-24 06:45:00-04:00,12,0.12946629434194465,2330393.2981550037,18000000.0,False
1995-08-24 07:00:00-04:00,12,0.11630674185494898,2093521.3533890815,18000000.0,False
1995-08-24 07:15:00-04:00,12,0.23339837580645892,4201170.7645162605,18000000.0,False
1995-08-24 07:30:00-04:00,12,0.16777702771401265,3019986.498852228,18000000.0,False
1995-08-24 07:45:00-04:00,12,0.5171178984610724,9308122.172299303,18000000.0,False
1995-08-24 08:00:00-04:00,12,0.45220450109432175,8139681.019697792,18000000.0,False
1995-08-24 08:15:00-04:00,12,0.5400948519972983,9721707.33595137,18000000.0,False
1995-08-24 08:30:00-04:00,12,0.5430674415838403,9775213.948509127,18000000.0,False
1995-08-24 08:45:00-04:00,12,0.6782517544816634,12208531.580669941,18000000.0,False
1995-08-24 09:00:00-04:00,12,0.5230818156162158,9415472.681091884,18000000.0,False
1995-08-24 09:15:00-04:00,12,0.5350129828405895,9630233.691130612,18000000.0,False
1995-08-24 09:30:00-04:00,12,0.44883038771653877,8078946.978897698,18000000.0,False
1995-08-24 09:45:00-04:00,12,0.13595139505701587,2447125.1110262857,18000000.0,False
1995-08-24 10:00:00-04:00,12,0.4395653837205097,7912176.906969175,18000000.0,False
1995-08-24 10:15:00-04:00,12,0.547687069137868,9858367.244481625,18000000.0,False
1995-08-24 10:30:00-04:00,12,0.6913582480579671,12444448.465043407,18000000.0,False
1995-08-24 10:45:00-04:00,12,0.7942820300945672,14297076.541702209,18000000.0,False
1995-08-24 11:00:00-04:00,12,0.8427366538984544,15169259.770172179,18000000.0,False
1995-08-24 11:15:00-04:00,12,0.7201002511625605,12961804.520926088,18000000.0,False
1995-08-24 11:30:00-04:00,12,0.8721744208665582,15699139.575598046,18000000.0,False
1995-08-24 11:45:00-04:00,13,1.1935354763260395,23273941.788357772,19500000.0,True
1995-08-24 12:00:00-04:00,13,0.6550824900990448,12774108.556931375,19500000.0,False
1995-08-24 12:15:00-04:00,13,0.6278877247964072,12243810.63352994,19500000.0,False
1995-08-24 12:30:00-04:00,13,0.7446954269218865,14521560.824976787,19500000.0,False
1995-08-24 12:45:00-04:00,13,0.7369308829929053,14370152.218361653,19500000.0,False
1995-08-24 13:00:00-04:00,13,0.991801598280562,19340131.16647096,19500000.0,False
1995-08-24 13:15:00-04:00,13,0.597605227716202,11653301.940465938,19500000.0,False
1995-08-24 13:30:00-04:00,13,0.056171128160922526,1095336.9991379892,19500000.0,False
1995-08-24 13:45:00-04:00,13,0.3170221074639999,6181931.095547998,19500000.0,False
1995-08-24 14:00:00-04:00,13,0.03250348086486906,633817.8768649467,19500000.0,False
1995-08-24 14:15:00-04:00,13,0.06414470143378356,1250821.6779587795,19500000.0,False
1995-08-24 14:30:00-04:00,13,0.23621119147141417,4606118.233692576,19500000.0,False
1995-08-24 14:45:00-04:00,13,0.4786823033040169,9334304.91442833,19500000.0,False
1995-08-24 15:00:00-04:00,13,0.48264926778570555,9411660.721821258,19500000.0,False
1995-08-24 15:15:00-04:00,13,0.6625891443435946,12920488.314700095,19500000.0,False
1995-08-24 15:30:00-04:00,12,0.9664508608387835,17396115.495098103,18000000.0,True
1995-08-24 15:45:00-04:00,12,0.8064900933539237,14516821.680370627,18000000.0,False
1995-08-24 16:00:00-04:00,12,0.6578737136789398,11841726.846220916,18000000.0,False
1995-08-24 16:15:00-04:00,12,0.869048690474561,15642876.428542098,18000000.0,False
1995-08-24 16:30:00-04:00,12,0.707877976586462,12741803.578556316,18000000.0,False
1995-08-24 16:45:00-04:00,12,0.6714614899805792,12086306.819650425,18000000.0,False
1995-08-24 17:00:00-04:00,12,0.6795238697101595,12231429.654782873,18000000.0,False
1995-08-24 17:15:00-04:00,12,0.5670486559003313,10206875.806205962,18000000.0,False
1995-08-24 17:30:00-04:00,12,0.608262257862858,10948720.641531445,18000000.0,False
1995-08-24 17:45:00-04:00,12,0.8023864375898488,14442955.876617279,18000000.0,False
1995-08-24 18:00:00-04:00,12,0.7930783536178783,14275410.365121808,18000000.0,False
1995-08-24 18:15:00-04:00,12,0.724561954948332,13042115.189069975,18000000.0,False
1995-08-24 18:30:00-04:00,12,0.8465191261725602,15237344.271106083,18000000.0,False
1995-08-24 18:45:00-04:00,12,0.5281499880610563,9506699.785099013,18000000.0,False
1995-08-24 19:00:00-04:00,12,0.4469587041081697,8045256.673947054,18000000.0,False
1995-08-24 19:15:00-04:00,12,0.4116087510439519,7408957.5187911345,18000000.0,False
1995-08-24 19:30:00-04:00,12,0.4271903865180305,7689426.957324549,18000000.0,False
1995-08-24 19:45:00-04:00,12,0.46006108766107545,8281099.577899358,18000000.0,False
1995-08-24 20:00:00-04:00,12,0.5319366308318442,9574859.354973195,18000000.0,False
1995-08-24 20:15:00-04:00,12,0.4712771788162855,8482989.218693139,18000000.0,False
1995-08-24 20:30:00-04:00,12,0.4500666937038293,8101200.486668928,18000000.0,False
1995-08-24 20:45:00-04:00,12,0.49378676238948066,8888161.723010652,18000000.0,False
1995-08-24 21:00:00-04:00,12,0.4179250996810486,7522651.794258874,18000000.0,False
1995-08-24 21:15:00-04:00,12,0.44456135752684306,8002104.435483175,18000000.0,False
1995-08-24 21:30:00-04:00,12,0.4181920568975117,7527457.024155211,18000000.0,False
1995-08-24 21:45:00-04:00,12,0.39551042350460747,7119187.623082935,18000000.0,False
1995-08-24 22:00:00-04:00,12,0.3320816360074075,5977469.4481333345,18000000.0,False
1995-08-24 22:15:00-04:00,12,0.43670075198312575,7860613.535696263,18000000.0,False
1995-08-24 22:30:00-04:00,12,0.49577007878951923,8923861.418211346,18000000.0,False
1995-08-24 22:45:00-04:00,12,0.47600724168163683,8568130.350269463,18000000.0,False
1995-08-24 23:00:00-04:00,12,0.4459112541362715,8026402.574452886,18000000.0,False
1995-08-24 23:15:00-04:00,12,0.42785256417777495,7701346.155199949,18000000.0,False
1995-08-24 23:30:00-04:00,12,0.29221572159851134,5259882.988773204,18000000.0,False
1995-08-24 23:45:00-04:00,12,0.3109714873722608,5597486.772700694,18000000.0,False
1995-08-25 00:00:00-04:00,12,0.19969210396603201,3594457.8713885765,18000000.0,False
1995-08-25 00:15:00-04:00,12,0.03138400886427257,564912.1595569062,18000000.0,False
1995-08-25 00:30:00-04:00,12,0.35487097186825095,6387677.493628517,18000000.0,False
1995-08-25 00:45:00-04:00,12,0.32553278082163245,5859590.054789384,18000000.0,False
1995-08-25 01:00:00-04:00,12,0.32973190082282394,5935174.214810831,18000000.0,False
1995-08-25 01:15:00-04:00,12,0.32688280805232883,5883890.544941919,18000000.0,False
1995-08-25 01:30:00-04:00,12,0.35027073753091925,6304873.275556547,18000000.0,False
1995-08-25 01:45:00-04:00,12,0.48066337930011616,8651940.82740209,18000000.0,False
1995-08-25 02:00:00-04:00,12,0.31666512156056587,5699972.188090186,18000000.0,False
1995-08-25 02:15:00-04:00,12,0.33986190304384467,6117514.254789204,18000000.0,False
1995-08-25 02:30:00-04:00,12,0.2263117213889542,4073610.9850011757,18000000.0,False
1995-08-25 02:45:00-04:00,12,0.28369055112786307,5106429.920301535,18000000.0,False
1995-08-25 03:00:00-04:00,12,0.34535517433007534,6216393.137941356,18000000.0,False
1995-08-25 03:15:00-04:00,12,0.2541381181276031,4574486.126296856,18000000.0,False
1995-08-25 03:30:00-04:00,12,0.057493424259985555,1034881.63667974,18000000.0,False
1995-08-25 03:45:00-04:00,12,0.2165272725946123,3897490.9067030214,18000000.0,False
1995-08-25 04:00:00-04:00,12,0.131242349039567,2362362.282712206,18000000.0,False
1995-08-25 04:15:00-04:00,12,0.3608694034409644,6495649.261937359,18000000.0,False
1995-08-25 04:30:00-04:00,12,0.2481533535935242,4466760.364683435,18000000.0,False
1995-08-25 04:45:00-04:00,12,0.2770159015544554,4986286.2279801965,18000000.0,False
1995-08-25 05:00:00-04:00,12,0.30943826816573444,5569888.82698322,18000000.0,False
1995-08-25 05:15:00-04:00,12,0.2489760350396049,4481568.630712888,18000000.0,False
1995-08-25 05:30:00-04:00,12,0.3772477217990008,6790458.992382014,18000000.0,False
1995-08-25 05:45:00-04:00,12,0.22959070853482563,4132632.753626861,18000000.0,False
1995-08-25 06:00:00-04:00,12,0.23318980565931116,4197416.501867601,18000000.0,False
1995-08-25 06:15:00-04:00,12,0.1788519262054972,3219334.6716989493,18000000.0,False
1995-08-25 06:30:00-04:00,12,0.20776940278380374,3739849.2501084674,18000000.0,False
1995-08-25 06:45:00-04:00,12,0.16364854479381166,2945673.8062886097,18000000.0,False
1995-08-25 07:00:00-04:00,12,0.33825420746451645,6088575.7343612965,18000000.0,False
1995-08-25 07:15:00-04:00,12,0.3460927430787738,6229669.375417928,18000000.0,False
1995-08-25 07:30:00-04:00,12,0.44744217401509945,8053959.13227179,18000000.0,False
1995-08-25 07:45:00-04:00,12,0.5041313668713994,9074364.603685189,18000000.0,False
1995-08-25 08:00:00-04:00,12,0.7550066906919988,13590120.432455977,18000000.0,False
1995-08-25 08:15:00-04:00,12,0.4714200908895556,8485561.636012001,18000000.0,False
1995-08-25 08:30:00-04:00,12,0.49499798767749664,8909963.77819494,18000000.0,False
1995-08-25 08:45:00-04:00,12,0.8015587413953793,14428057.345116828,18000000.0,False
1995-08-25 09:00:00-04:00,12,0.9043892950877458,16279007.311579425,18000000.0,False
1995-08-25 09:15:00-04:00,12,0.7455160855906181,13419289.540631127,18000000.0,False
1995-08-25 09:30:00-04:00,12,0.8912643953524387,16042759.116343897,18000000.0,False
1995-08-25 09:45:00-04:00,12,0.6631053647113463,11935896.564804234,18000000.0,False
1995-08-25 10:00:00-04:00,12,0.5689231108199454,10240615.994759018,18000000.0,False
1995-08-25 10:15:00-04:00,11,1.0115827896396623,16691116.029054428,16500000.0,True
1995-08-25 10:30:00-04:00,12,0.8609115280199541,15496407.504359173,18000000.0,True
1995-08-25 10:45:00-04:00,12,0.7147353526727691,12865236.348109843,18000000.0,False
1995-08-25 11:00:00-04:00,12,0.8980124980920677,16164224.96565722,18000000.0,False
1995-08-25 11:15:00-04:00,12,0.7010409044345951,12618736.279822713,18000000.0,False
1995-08-25 11:30:00-04:00,12,0.9982165738425121,17967898.329165217,18000000.0,False
1995-08-25 11:45:00-04:00,12,0.8053672855531064,14496611.139955916,18000000.0,False
1995-08-25 12:00:00-04:00,12,1.0596257240546765,19073263.03298418,18000000.0,False
1995-08-25 12:15:00-04:00,13,1.1534444455547996,22492166.68831859,19500000.0,True
1995-08-25 12:30:00-04:00,13,1.03930120230248,20266373.44489836,19500000.0,False
1995-08-25 12:45:00-04:00,13,0.9269638545741423,18075795.164195776,19500000.0,False
1995-08-25 13:00:00-04:00,13,0.788757150740654,15380764.439442752,19500000.0,False
1995-08-25 13:15:00-04:00,13,1.0186922597542936,19864499.065208726,19500000.0,False
1995-08-25 13:30:00-04:00,13,0.7097756841853503,13840625.841614332,19500000.0,False
1995-08-25 13:45:00-04:00,13,0.8453828943631914,16484966.440082232,19500000.0,False
1995-08-25 14:00:00-04:00,13,0.8057788644096794,15712687.855988748,19500000.0,False
1995-08-25 14:15:00-04:00,13,0.9606407640293363,18732494.898572057,19500000.0,False
1995-08-25 14:30:00-04:00,13,0.9934009128501965,19371317.800578833,19500000.0,False
1995-08-25 14:45:00-04:00,13,0.6420330853031532,12519645.163411487,19500000.0,False
1995-08-25 15:00:00-04:00,13,0.6213569973961285,12116461.449224506,19500000.0,False
1995-08-25 15:15:00-04:00,13,0.7622242395826433,14863372.671861544,19500000.0,False
1995-08-25 15:30:00-04:00,13,0.7754222893391334,15120734.6421131,19500000.0,False
1995-08-25 15:45:00-04:00,13,0.76903144997762,14996113.27456359,19500000.0,False
1995-08-25 16:00:00-04:00,14,0.7745719972059789,16266011.941325556,21000000.0,True
1995-08-25 16:15:00-04:00,14,1.0382683910169241,21803636.211355407,21000000.0,False
1995-08-25 16:30:00-04:00,14,0.7953172642010665,16701662.548222397,21000000.0,False
1995-08-25 16:45:00-04:00,14,0.7291166059264826,15311448.724456135,21000000.0,False
1995-08-25 17:00:00-04:00,14,0.749748600423277,15744720.608888816,21000000.0,False
1995-08-25 17:15:00-04:00,14,0.43890990266041957,9217107.95586881,21000000.0,False
1995-08-25 17:30:00-04:00,14,0.5790530452487044,12160113.950222792,21000000.0,False
1995-08-25 17:45:00-04:00,14,0.5234344423772541,10992123.289922336,21000000.0,False
1995-08-25 18:00:00-04:00,14,0.558219975920837,11722619.49433758,21000000.0,False
1995-08-25 18:15:00-04:00,14,0.4131019931158192,8675141.855432203,21000000.0,False
1995-08-25 18:30:00-04:00,14,0.3170581869400996,6658221.925742091,21000000.0,False
1995-08-25 18:45:00-04:00,14,0.4891789276035854,10272757.479675293,21000000.0,False
1995-08-25 19:00:00-04:00,14,0.49003033465672113,10290637.027791144,21000000.0,False
1995-08-25 19:15:00-04:00,14,0.37051917908514426,7780902.760788029,21000000.0,False
1995-08-25 19:30:00-04:00,14,0.40454959216848674,8495541.435538221,21000000.0,False
1995-08-25 19:45:00-04:00,14,0.353767193839483,7429111.070629143,21000000.0,False
1995-08-25 20:00:00-04:00,14,0.3828076042251829,8038959.688728841,21000000.0,False
1995-08-25 20:15:00-04:00,14,0.363989634792169,7643782.3306355495,21000000.0,False
1995-08-25 20:30:00-04:00,14,0.30757402204260015,6459054.462894604,21000000.0,False
1995-08-25 20:45:00-04:00,14,0.27640585111865057,5804522.873491662,21000000.0,False
1995-08-25 21:00:00-04:00,14,0.31329554065082543,6579206.353667335,21000000.0,False
1995-08-25 21:15:00-04:00,14,0.362522950903281,7612981.968968902,21000000.0,False
1995-08-25 21:30:00-04:00,14,0.3765819381120081,7908220.70035217,21000000.0,False
1995-08-25 21:45:00-04:00,14,0.39231932313723855,8238705.78588201,21000000.0,False
1995-08-25 22:00:00-04:00,14,0.31199231254498977,6551838.563444785,21000000.0,False
1995-08-25 22:15:00-04:00,14,0.2592430950657334,5444104.996380402,21000000.0,False
1995-08-25 22:30:00-04:00,14,0.35884929280215033,7535835.148845157,21000000.0,False
1995-08-25 22:45:00-04:00,14,0.42563712270020443,8938379.576704293,21000000.0,False
1995-08-25 23:00:00-04:00,14,0.4612189593708675,9685598.146788217,21000000.0,False
1995-08-25 23:15:00-04:00,14,0.5223210804404319,10968742.68924907,21000000.0,False
1995-08-25 23:30:00-04:00,14,0.3940196341094148,8274412.316297711,21000000.0,False
1995-08-25 23:45:00-04:00,14,0.3401672286842189,7143511.802368596,21000000.0,False
1995-08-26 00:00:00-04:00,14,0.29075517276814067,6105858.628130954,21000000.0,False
1995-08-26 00:15:00-04:00,14,0.27394614312852966,5752869.005699122,21000000.0,False
1995-08-26 00:30:00-04:00,14,0.29494733835469483,6193894.1054485915,21000000.0,False
1995-08-26 00:45:00-04:00,14,0.3018210940724501,6338242.975521453,21000000.0,False
1995-08-26 01:00:00-04:00,14,0.25488514345609425,5352588.012577979,21000000.0,False
1995-08-26 01:15:00-04:00,14,0.365425013666914,7673925.2870051935,21000000.0,False
1995-08-26 01:30:00-04:00,14,0.4696752618884491,9863180.499657432,21000000.0,False
1995-08-26 01:45:00-04:00,14,0.2560038587431108,5376081.033605328,21000000.0,False
1995-08-26 02:00:00-04:00,14,0.22626401663193768,4751544.349270691,21000000.0,False
1995-08-26 02:15:00-04:00,14,0.20044564350760904,4209358.51365979,21000000.0,False
1995-08-26 02:30:00-04:00,14,0.15612708785873056,3278668.8450333416,21000000.0,False
1995-08-26 02:45:00-04:00,14,0.2226163849396794,4674944.083733267,21000000.0,False
1995-08-26 03:00:00-04:00,14,0.1538928803436047,3231750.487215699,21000000.0,False
1995-08-26 03:15:00-04:00,14,0.14743052164798684,3096040.9546077237,21000000.0,False
1995-08-26 03:30:00-04:00,14,0.17920311216809254,3763265.355529943,21000000.0,False
1995-08-26 03:45:00-04:00,14,0.16865948483424123,3541849.181519066,21000000.0,False
1995-08-26 04:00:00-04:00,14,0.14435125369715388,3031376.3276402312,21000000.0,False
1995-08-26 04:15:00-04:00,14,0.11913665437167306,2501869.7418051343,21000000.0,False
1995-08-26 04:30:00-04:00,14,0.13021175386252853,2734446.831113099,21000000.0,False
1995-08-26 04:45:00-04:00,14,0.0812334638328632,1705902.7404901274,21000000.0,False
1995-08-26 05:00:00-04:00,13,0.03404143486484101,663807.9798643996,19500000.0,True
1995-08-26 05:15:00-04:00,13,0.20489234703858564,3995400.76725242,19500000.0,False
1995-08-26 05:30:00-04:00,13,0.15361215103423706,2995436.9451676225,19500000.0,False
1995-08-26 05:45:00-04:00,13,0.042315345359972036,825149.2345194547,19500000.0,False
1995-08-26 06:00:00-04:00,13,0.1256068944389454,2449334.4415594353,19500000.0,False
1995-08-26 06:15:00-04:00,13,0.16288323328349888,3176223.049028228,19500000.0,False
1995-08-26 06:30:00-04:00,13,0.10775415499673727,2101206.0224363767,19500000.0,False
1995-08-26 06:45:00-04:00,13,0.14901506935078182,2905793.8523402456,19500000.0,False
1995-08-26 07:00:00-04:00,13,0.11686478965528238,2278863.3982780064,19500000.0,False
1995-08-26 07:15:00-04:00,13,0.18090906203643778,3527726.7097105365,19500000.0,False
1995-08-26 07:30:00-04:00,13,0.16907522768432529,3296966.939844343,19500000.0,False
1995-08-26 07:45:00-04:00,13,0.28539597417755036,5565221.496462232,19500000.0,False
1995-08-26 08:00:00-04:00,13,0.19630899920060615,3828025.48441182,19500000.0,False
1995-08-26 08:15:00-04:00,13,0.46581519865509535,9083396.373774359,19500000.0,False
1995-08-26 08:30:00-04:00,13,0.5215256838880757,10169750.835817477,19500000.0,False
1995-08-26 08:45:00-04:00,13,0.26148063347500256,5098872.35276255,19500000.0,False
1995-08-26 09:00:00-04:00,13,0.2273937780691075,4434178.672347596,19500000.0,False
1995-08-26 09:15:00-04:00,13,0.36494665175361357,7116459.709195465,19500000.0,False
1995-08-26 09:30:00-04:00,13,0.2252568394863314,4392508.369983463,19500000.0,False
1995-08-26 09:45:00-04:00,13,0.17783502704391643,3467783.0273563704,19500000.0,False
1995-08-26 10:00:00-04:00,13,0.22290199398706084,4346588.8827476865,19500000.0,False
1995-08-26 10:15:00-04:00,13,0.13426645757560882,2618195.922724372,19500000.0,False
1995-08-26 10:30:00-04:00,13,0.3171429445074917,6184287.417896088,19500000.0,False
1995-08-26 10:45:00-04:00,13,0.29596054643171515,5771230.655418445,19500000.0,False
1995-08-26 11:00:00-04:00,13,0.2144687301431052,4182140.237790551,19500000.0,False
1995-08-26 11:15:00-04:00,13,0.30445124048441824,5936799.189446156,19500000.0,False
1995-08-26 11:30:00-04:00,13,0.158138587263735,3083702.4516428327,19500000.0,False
1995-08-26 11:45:00-04:00,13,0.243594483332205,4750092.424977997,19500000.0,False
1995-08-26 12:00:00-04:00,13,0.23441390920411337,4571071.229480211,19500000.0,False
1995-08-26 12:15:00-04:00,13,0.3182012428143645,6204924.234880108,19500000.0,False
1995-08-26 12:30:00-04:00,13,0.2529326587998115,4932186.846596325,19500000.0,False
1995-08-26 12:45:00-04:00,13,0.3731416178031952,7276261.5471623065,19500000.0,False
1995-08-26 13:00:00-04:00,13,0.03451913881429072,673123.2068786691,19500000.0,False
1995-08-26 13:15:00-04:00,13,0.395921572451013,7720470.662794754,19500000.0,False
1995-08-26 13:30:00-04:00,13,0.6051118580204136,11799681.231398065,19500000.0,False
1995-08-26 13:45:00-04:00,13,0.38508474620036043,7509152.550907029,19500000.0,False
1995-08-26 14:00:00-04:00,13,0.40196275771989587,7838273.77553797,19500000.0,False
1995-08-26 14:15:00-04:00,13,0.5966931304621603,11635516.044012126,19500000.0,False
1995-08-26 14:30:00-04:00,13,0.43924985954582463,8565372.26114358,19500000.0,False
1995-08-26 14:45:00-04:00,13,0.4335209391956118,8453658.31431443,19500000.0,False
1995-08-26 15:00:00-04:00,13,0.42330392241246684,8254426.487043103,19500000.0,False
1995-08-26 15:15:00-04:00,13,0.3444340254704525,6716463.496673823,19500000.0,False
1995-08-26 15:30:00-04:00,13,0.36202963929086224,7059577.966171813,19500000.0,False
1995-08-26 15:45:00-04:00,13,0.4946014232470888,9644727.753318232,19500000.0,False
1995-08-26 16:00:00-04:00,13,0.5325974355973445,10385649.994148217,19500000.0,False
1995-08-26 16:15:00-04:00,13,0.27919818628121096,5444364.632483614,19500000.0,False
1995-08-26 16:30:00-04:00,13,0.48371293914438285,9432402.313315466,19500000.0,False
1995-08-26 16:45:00-04:00,13,0.4354124234708807,8490542.257682174,19500000.0,False
1995-08-26 17:00:00-04:00,13,0.4124689193615436,8043143.927550101,19500000.0,False
1995-08-26 17:15:00-04:00,13,0.26248981294614987,5118551.352449923,19500000.0,False
1995-08-26 17:30:00-04:00,13,0.362305045509188,7064948.387429167,19500000.0,False
1995-08-26 17:45:00-04:00,13,0.24761999805548984,4828589.962082052,19500000.0,False
1995-08-26 18:00:00-04:00,13,0.2859802688221288,5576615.242031512,19500000.0,False
1995-08-26 18:15:00-04:00,13,0.39511325549008613,7704708.482056679,19500000.0,False
1995-08-26 18:30:00-04:00,13,0.3976663228548288,7754493.295669161,19500000.0,False
1995-08-26 18:45:00-04:00,13,0.35700298298973626,6961558.168299857,19500000.0,False
1995-08-26 19:00:00-04:00,13,0.5479358929958749,10684749.91341956,19500000.0,False
1995-08-26 19:15:00-04:00,13,0.41171570221062054,8028456.1931071,19500000.0,False
1995-08-26 19:30:00-04:00,13,0.4883364954077141,9522561.660450425,19500000.0,False
1995-08-26 19:45:00-04:00,13,0.4110356347894657,8015194.878394581,19500000.0,False
1995-08-26 20:00:00-04:00,13,0.3092934179358156,6031221.6497484045,19500000.0,False
1995-08-26 20:15:00-04:00,13,0.3709160087712889,7232862.171040134,19500000.0,False
1995-08-26 20:30:00-04:00,13,0.40336273161874275,7865573.266565484,19500000.0,False
1995-08-26 20:45:00-04:00,13,0.4033502261161021,7865329.409263991,19500000.0,False
1995-08-26 21:00:00-04:00,13,0.3096070432655969,6037337.343679139,19500000.0,False
1995-08-26 21:15:00-04:00,13,0.2932205780033014,5717801.271064377,19500000.0,False
1995-08-26 21:30:00-04:00,13,0.4192540898023691,8175454.751146197,19500000.0,False
1995-08-26 21:45:00-04:00,13,0.3359580957552786,6551182.867227932,19500000.0,False
1995-08-26 22:00:00-04:00,13,0.3657539999993078,7132202.999986502,19500000.0,False
1995-08-26 22:15:00-04:00,13,0.481455302700556,9388378.402660841,19500000.0,False
1995-08-26 22:30:00-04:00,13,0.43200624088319284,8424121.69722226,19500000.0,False
1995-08-26 22:45:00-04:00,13,0.30466680808953295,5941002.757745893,19500000.0,False
1995-08-26 23:00:00-04:00,13,0.5874537466564909,11455348.059801571,19500000.0,False
1995-08-26 23:15:00-04:00,13,0.7895501114032661,15396227.17236369,19500000.0,False
1995-08-26 23:30:00-04:00,13,0.5952453144226586,11607283.631241843,19500000.0,False
1995-08-26 23:45:00-04:00,12,0.45914440777306836,8264599.339915231,18000000.0,True
1995-08-27 00:00:00-04:00,12,0.4534806061708058,8162650.911074505,18000000.0,False
1995-08-27 00:15:00-04:00,12,0.4229390653500916,7612903.176301649,18000000.0,False
1995-08-27 00:30:00-04:00,12,0.4481450468349638,8066610.843029348,18000000.0,False
1995-08-27 00:45:00-04:00,12,0.5737935865875305,10328284.55857555,18000000.0,False
1995-08-27 01:00:00-04:00,12,0.35229037647989947,6341226.77663819,18000000.0,False
1995-08-27 01:15:00-04:00,12,0.3537461137526693,6367430.047548047,18000000.0,False
1995-08-27 01:30:00-04:00,12,0.28863351913744795,5195403.344474063,18000000.0,False
1995-08-27 01:45:00-04:00,12,0.37419030097293254,6735425.417512786,18000000.0,False
1995-08-27 02:00:00-04:00,12,0.3021903525910327,5439426.346638589,18000000.0,False
1995-08-27 02:15:00-04:00,12,0.4693055856589268,8447500.541860683,18000000.0,False
1995-08-27 02:30:00-04:00,12,0.1281762681208864,2307172.826175955,18000000.0,False
1995-08-27 02:45:00-04:00,12,0.32975392079351534,5935570.574283276,18000000.0,False
1995-08-27 03:00:00-04:00,12,0.21940431046305006,3949277.5883349013,18000000.0,False
1995-08-27 03:15:00-04:00,12,0.18856405133867896,3394152.924096221,18000000.0,False
1995-08-27 03:30:00-04:00,12,0.1476465934511766,2657638.6821211786,18000000.0,False
1995-08-27 03:45:00-04:00,12,0.08457231367683439,1522301.646183019,18000000.0,False
1995-08-27 04:00:00-04:00,12,0.1329069231621224,2392324.6169182034,18000000.0,False
1995-08-27 04:15:00-04:00,12,0.17438015529439885,3138842.7952991794,18000000.0,False
1995-08-27 04:30:00-04:00,12,0.13478733389149103,2426172.0100468383,18000000.0,False
1995-08-27 04:45:00-04:00,12,0.14042286567379872,2527611.5821283767,18000000.0,False
1995-08-27 05:00:00-04:00,12,0.30195294566564124,5435153.021981542,18000000.0,False
1995-08-27 05:15:00-04:00,12,0.29186251389349244,5253525.2500828635,18000000.0,False
1995-08-27 05:30:00-04:00,12,0.2870295841000559,5166532.513801007,18000000.0,False
1995-08-27 05:45:00-04:00,12,0.23404895256340788,4212881.146141342,18000000.0,False
1995-08-27 06:00:00-04:00,12,0.30860286183271174,5554851.512988811,18000000.0,False
1995-08-27 06:15:00-04:00,12,0.24881944376184806,4478749.987713265,18000000.0,False
1995-08-27 06:30:00-04:00,12,0.19022046677581844,3423968.401964732,18000000.0,False
1995-08-27 06:45:00-04:00,12,0.18938457582216292,3408922.3647989323,18000000.0,False
1995-08-27 07:00:00-04:00,12,0.19760527313582363,3556894.9164448255,18000000.0,False
1995-08-27 07:15:00-04:00,12,0.22094572216168087,3977022.9989102557,18000000.0,False
1995-08-27 07:30:00-04:00,12,0.15847245398828602,2852504.1717891484,18000000.0,False
1995-08-27 07:45:00-04:00,12,0.09184687608120498,1653243.7694616897,18000000.0,False
1995-08-27 08:00:00-04:00,12,0.1389925252699614,2501865.454859305,18000000.0,False
1995-08-27 08:15:00-04:00,12,0.19460137694375096,3502824.784987517,18000000.0,False
1995-08-27 08:30:00-04:00,12,0.15143911471769342,2725904.0649184813,18000000.0,False
1995-08-27 08:45:00-04:00,12,0.20042197783442844,3607595.601019712,18000000.0,False
1995-08-27 09:00:00-04:00,12,0.3569715605955457,6425488.090719823,18000000.0,False
1995-08-27 09:15:00-04:00,12,0.25103255228251786,4518585.941085322,18000000.0,False
1995-08-27 09:30:00-04:00,12,0.23069809394225724,4152565.6909606303,18000000.0,False
1995-08-27 09:45:00-04:00,12,0.3745646023102838,6742162.841585109,18000000.0,False
1995-08-27 10:00:00-04:00,12,0.17293161730296328,3112769.111453339,18000000.0,False
1995-08-27 10:15:00-04:00,12,0.18700788097423218,3366141.8575361795,18000000.0,False
1995-08-27 10:30:00-04:00,12,0.3184470342626896,5732046.616728413,18000000.0,False
1995-08-27 10:45:00-04:00,12,0.402913572750627,7252444.309511286,18000000.0,False
1995-08-27 11:00:00-04:00,12,0.3095397546046784,5571715.582884211,18000000.0,False
1995-08-27 11:15:00-04:00,12,0.16742599274455996,3013667.8694020794,18000000.0,False
1995-08-27 11:30:00-04:00,12,0.297905009001243,5362290.162022375,18000000.0,False
1995-08-27 11:45:00-04:00,12,0.16305921448936905,2935065.860808643,18000000.0,False
1995-08-27 12:00:00-04:00,12,0.2994567478776446,5390221.4617976025,18000000.0,False
1995-08-27 12:15:00-04:00,12,0.2561498621649261,4610697.51896867,18000000.0,False
1995-08-27 12:30:00-04:00,12,0.3696329943148248,6653393.897666847,18000000.0,False
1995-08-27 12:45:00-04:00,12,0.19019111325637744,3423440.038614794,18000000.0,False
1995-08-27 13:00:00-04:00,12,0.43434938130314893,7818288.86345668,18000000.0,False
1995-08-27 13:15:00-04:00,12,0.388064783976521,6985166.111577378,18000000.0,False
1995-08-27 13:30:00-04:00,12,0.3922648497751403,7060767.295952526,18000000.0,False
1995-08-27 13:45:00-04:00,12,0.533770455156308,9607868.192813545,18000000.0,False
1995-08-27 14:00:00-04:00,12,0.4607464184857419,8293435.532743353,18000000.0,False
1995-08-27 14:15:00-04:00,12,0.027523161354033338,495416.9043726001,18000000.0,False
1995-08-27 14:30:00-04:00,12,0.21065804297264015,3791844.773507523,18000000.0,False
1995-08-27 14:45:00-04:00,12,0.27633440431562695,4974019.277681285,18000000.0,False
1995-08-27 15:00:00-04:00,12,0.395412606710042,7117426.9207807565,18000000.0,False
1995-08-27 15:15:00-04:00,12,0.333297192428404,5999349.463711272,18000000.0,False
1995-08-27 15:30:00-04:00,12,0.4306887917615241,7752398.251707434,18000000.0,False
1995-08-27 15:45:00-04:00,12,0.34019184420983717,6123453.195777069,18000000.0,False
1995-08-27 16:00:00-04:00,12,0.46891330686924876,8440439.523646478,18000000.0,False
1995-08-27 16:15:00-04:00,12,0.38545752406439093,6938235.433159037,18000000.0,False
1995-08-27 16:30:00-04:00,12,0.4258348861466783,7665027.950640209,18000000.0,False
1995-08-27 16:45:00-04:00,12,0.4834748109709662,8702546.597477391,18000000.0,False
1995-08-27 17:00:00-04:00,12,0.3174332727687212,5713798.909836981,18000000.0,False
1995-08-27 17:15:00-04:00,12,0.3024907130372102,5444832.834669784,18000000.0,False
1995-08-27 17:30:00-04:00,12,0.40424527071464145,7276414.872863546,18000000.0,False
1995-08-27 17:45:00-04:00,12,0.2479723888680916,4463502.999625648,18000000.0,False
1995-08-27 18:00:00-04:00,12,0.4078716450349184,7341689.610628531,18000000.0,False
1995-08-27 18:15:00-04:00,12,0.6498094700667687,11696570.461201837,18000000.0,False
1995-08-27 18:30:00-04:00,11,0.27558066010804766,4547080.891782787,16500000.0,True
1995-08-27 18:45:00-04:00,11,0.4319189365929152,7126662.4537831005,16500000.0,False
1995-08-27 19:00:00-04:00,11,0.6260961264813849,10330586.086942852,16500000.0,False
1995-08-27 19:15:00-04:00,11,0.5052463766827923,8336565.215266072,16500000.0,False
1995-08-27 19:30:00-04:00,11,0.38473024877153983,6348049.104730407,16500000.0,False
1995-08-27 19:45:00-04:00,11,0.4360197868413828,7194326.482882816,16500000.0,False
1995-08-27 20:00:00-04:00,11,0.6047556856760207,9978468.81365434,16500000.0,False
1995-08-27 20:15:00-04:00,11,0.3639465420544072,6005117.943897719,16500000.0,False
1995-08-27 20:30:00-04:00,11,0.5837144507462527,9631288.43731317,16500000.0,False
1995-08-27 20:45:00-04:00,11,0.8880206728287311,14652341.101674063,16500000.0,False
1995-08-27 21:00:00-04:00,11,0.5459370920013858,9007962.018022867,16500000.0,False
1995-08-27 21:15:00-04:00,11,0.42116108615633113,6949157.921579463,16500000.0,False
1995-08-27 21:30:00-04:00,11,0.45607110178597515,7525173.17946859,16500000.0,False
1995-08-27 21:45:00-04:00,11,0.5885604055354193,9711246.691334419,16500000.0,False
1995-08-27 22:00:00-04:00,11,0.47125147889755836,7775649.401809713,16500000.0,False
1995-08-27 22:15:00-04:00,11,0.4489858936775214,7408267.245679103,16500000.0,False
1995-08-27 22:30:00-04:00,11,0.3666522300218243,6049761.7953601,16500000.0,False
1995-08-27 22:45:00-04:00,11,0.45341366130031924,7481325.411455267,16500000.0,False
1995-08-27 23:00:00-04:00,11,0.2902478141412876,4789088.933331246,16500000.0,False
1995-08-27 23:15:00-04:00,11,0.4899451951192631,8084095.719467841,16500000.0,False
1995-08-27 23:30:00-04:00,11,0.48693531209678176,8034432.649596899,16500000.0,False
1995-08-27 23:45:00-04:00,11,0.48451360590861997,7994474.49749223,16500000.0,False
1995-08-28 00:00:00-04:00,11,0.33564092304993415,5538075.2303239135,16500000.0,False
1995-08-28 00:15:00-04:00,11,0.3113060457055576,5136549.7541417,16500000.0,False
1995-08-28 00:30:00-04:00,11,0.32801074499153005,5412177.292360246,16500000.0,False
1995-08-28 00:45:00-04:00,11,0.2544603184568817,4198595.254538548,16500000.0,False
1995-08-28 01:00:00-04:00,11,0.681588330641882,11246207.455591053,16500000.0,False
1995-08-28 01:15:00-04:00,11,0.272918753532425,4503159.433285013,16500000.0,False
1995-08-28 01:30:00-04:00,11,0.2812507997440942,4640638.195777555,16500000.0,False
1995-08-28 01:45:00-04:00,11,0.2450530427305544,4043375.2050541476,16500000.0,False
1995-08-28 02:00:00-04:00,11,0.23995771252256257,3959302.2566222823,16500000.0,False
1995-08-28 02:15:00-04:00,11,0.6070877218806012,10016947.41102992,16500000.0,False
1995-08-28 02:30:00-04:00,11,0.20642644138629698,3406036.2828739,16500000.0,False
1995-08-28 02:45:00-04:00,11,0.10960489156964995,1808480.710899224,16500000.0,False
1995-08-28 03:00:00-04:00,11,0.3306841081848826,5456287.785050563,16500000.0,False
1995-08-28 03:15:00-04:00,11,0.3327629161153664,5490588.115903546,16500000.0,False
1995-08-28 03:30:00-04:00,11,0.3115389235708752,5140392.238919441,16500000.0,False
1995-08-28 03:45:00-04:00,11,0.25206363904900514,4159050.0443085846,16500000.0,False
1995-08-28 04:00:00-04:00,11,0.25784185136908677,4254390.547589932,16500000.0,False
1995-08-28 04:15:00-04:00,11,0.256391139061111,4230453.794508331,16500000.0,False
1995-08-28 04:30:00-04:00,11,0.4064403755722877,6706266.196942747,16500000.0,False
1995-08-28 04:45:00-04:00,11,0.18356299907453122,3028789.484729765,16500000.0,False
1995-08-28 05:00:00-04:00,11,0.22977848460350128,3791344.9959577713,16500000.0,False
1995-08-28 05:15:00-04:00,11,0.3630678669493484,5990619.804664249,16500000.0,False
1995-08-28 05:30:00-04:00,11,0.2658295829806618,4386188.11918092,16500000.0,False
1995-08-28 05:45:00-04:00,11,0.3261552982222569,5381562.420667239,16500000.0,False
1995-08-28 06:00:00-04:00,11,0.23094854402989787,3810650.976493315,16500000.0,False
1995-08-28 06:15:00-04:00,11,0.3780311007109188,6237513.16173016,16500000.0,False
1995-08-28 06:30:00-04:00,11,0.3305391979788277,5453896.766650657,16500000.0,False
1995-08-28 06:45:00-04:00,11,0.32883825278076384,5425831.170882603,16500000.0,False
1995-08-28 07:00:00-04:00,11,0.38191556453690223,6301606.814858886,16500000.0,False
1995-08-28 07:15:00-04:00,11,0.3648152206975791,6019451.141510055,16500000.0,False
1995-08-28 07:30:00-04:00,11,0.32823045073371526,5415802.437106302,16500000.0,False
1995-08-28 07:45:00-04:00,11,0.7310877755883649,12062948.29720802,16500000.0,False
1995-08-28 08:00:00-04:00,11,0.39389313510700097,6499236.729265516,16500000.0,False
1995-08-28 08:15:00-04:00,11,0.45258052561131773,7467578.672586743,16500000.0,False
1995-08-28 08:30:00-04:00,11,0.3638377792088101,6003323.356945367,16500000.0,False
1995-08-28 08:45:00-04:00,11,0.5931146590969104,9786391.875099022,16500000.0,False
1995-08-28 09:00:00-04:00,11,0.4031034558003446,6651207.020705686,16500000.0,False
1995-08-28 09:15:00-04:00,11,0.5522777687813032,9112583.184891503,16500000.0,False
1995-08-28 09:30:00-04:00,11,0.6716955168535028,11082976.028082797,16500000.0,False
1995-08-28 09:45:00-04:00,11,0.8104253593462822,13372018.429213656,16500000.0,False
1995-08-28 10:00:00-04:00,11,0.6508551102585104,10739109.319265421,16500000.0,False
1995-08-28 10:15:00-04:00,11,0.5722218202842448,9441660.03469004,16500000.0,False
1995-08-28 10:30:00-04:00,11,0.5393191725263472,8898766.34668473,16500000.0,False
1995-08-28 10:45:00-04:00,11,0.5811488936138771,9588956.744628973,16500000.0,False
1995-08-28 11:00:00-04:00,11,0.5274335429549536,8702653.458756734,16500000.0,False
1995-08-28 11:15:00-04:00,11,0.7958361182955718,13131295.951876935,16500000.0,False
1995-08-28 11:30:00-04:00,11,0.6386836117994442,10538279.59469083,16500000.0,False
1995-08-28 11:45:00-04:00,11,0.8099581522120207,13364309.511498341,16500000.0,False
1995-08-28 12:00:00-04:00,11,0.5549906534401862,9157345.781763071,16500000.0,False
1995-08-28 12:15:00-04:00,11,0.6853842430668616,11308840.010603217,16500000.0,False
1995-08-28 12:30:00-04:00,11,0.6486207456848178,10702242.303799493,16500000.0,False
1995-08-28 12:45:00-04:00,12,1.0992609932036201,19786697.877665162,18000000.0,True
1995-08-28 13:00:00-04:00,12,0.7954470080624648,14318046.145124367,18000000.0,False
1995-08-28 13:15:00-04:00,12,0.8527501926117046,15349503.467010682,18000000.0,False
1995-08-28 13:30:00-04:00,12,0.7996747320317198,14394145.176570956,18000000.0,False
1995-08-28 13:45:00-04:00,12,0.5782775010109478,10408995.01819706,18000000.0,False
1995-08-28 14:00:00-04:00,12,0.5581832577750683,10047298.63995123,18000000.0,False
1995-08-28 14:15:00-04:00,12,0.7496751061622839,13494151.910921112,18000000.0,False
1995-08-28 14:30:00-04:00,12,0.7131796696954518,12837234.054518132,18000000.0,False
1995-08-28 14:45:00-04:00,12,0.7897745000115292,14215941.000207525,18000000.0,False
1995-08-28 15:00:00-04:00,12,0.774512627194387,13941227.289498964,18000000.0,False
1995-08-28 15:15:00-04:00,12,0.8908958308718783,16036124.95569381,18000000.0,False
1995-08-28 15:30:00-04:00,12,0.8283231896131603,14909817.413036887,18000000.0,False
1995-08-28 15:45:00-04:00,12,0.7801665855638815,14042998.540149868,18000000.0,False
1995-08-28 16:00:00-04:00,12,0.6536672570735825,11766010.627324486,18000000.0,False
1995-08-28 16:15:00-04:00,12,0.9520890851893756,17137603.53340876,18000000.0,False
1995-08-28 16:30:00-04:00,13,0.7315893744207017,14265992.801203683,19500000.0,True
1995-08-28 16:45:00-04:00,13,0.7566098547189164,14753892.16701887,19500000.0,False
1995-08-28 17:00:00-04:00,13,0.6051443829659234,11800315.467835506,19500000.0,False
1995-08-28 17:15:00-04:00,13,0.507507090633451,9896388.267352294,19500000.0,False
1995-08-28 17:30:00-04:00,13,0.7088562457563062,13822696.792247972,19500000.0,False
1995-08-28 17:45:00-04:00,13,0.7443377604923875,14514586.329601556,19500000.0,False
1995-08-28 18:00:00-04:00,13,0.5893081914603823,11491509.733477455,19500000.0,False
1995-08-28 18:15:00-04:00,13,0.5253099540053765,10243544.103104841,19500000.0,False
1995-08-28 18:30:00-04:00,13,0.4176284337555948,8143754.458234098,19500000.0,False
1995-08-28 18:45:00-04:00,13,0.42025361051166205,8194945.40497741,19500000.0,False
1995-08-28 19:00:00-04:00,13,0.25959542925489615,5062110.8704704745,19500000.0,False
1995-08-28 19:15:00-04:00,13,0.36630981279013414,7143041.349407615,19500000.0,False
1995-08-28 19:30:00-04:00,13,0.5296486464118845,10328148.605031747,19500000.0,False
1995-08-28 19:45:00-04:00,13,0.3866489993396692,7539655.487123549,19500000.0,False
1995-08-28 20:00:00-04:00,13,0.4187126009892272,8164895.719289931,19500000.0,False
1995-08-28 20:15:00-04:00,12,0.4533906885391573,8161032.393704832,18000000.0,True
1995-08-28 20:30:00-04:00,12,0.38259157994791687,6886648.439062504,18000000.0,False
1995-08-28 20:45:00-04:00,12,0.5637644706603014,10147760.471885426,18000000.0,False
1995-08-28 21:00:00-04:00,12,0.41900518963696,7542093.41346528,18000000.0,False
1995-08-28 21:15:00-04:00,12,0.4111770621243442,7401187.118238196,18000000.0,False
1995-08-28 21:30:00-04:00,12,0.4360273453254435,7848492.215857984,18000000.0,False
1995-08-28 21:45:00-04:00,12,0.343740283594418,6187325.104699524,18000000.0,False
1995-08-28 22:00:00-04:00,12,0.3857327256105074,6943189.060989133,18000000.0,False
1995-08-28 22:15:00-04:00,12,0.3361127722531439,6050029.90055659,18000000.0,False
1995-08-28 22:30:00-04:00,12,0.3427121018083714,6168817.832550686,18000000.0,False
1995-08-28 22:45:00-04:00,12,0.3453853417528265,6216936.151550877,18000000.0,False
1995-08-28 23:00:00-04:00,12,0.41113507135552524,7400431.2843994545,18000000.0,False
1995-08-28 23:15:00-04:00,12,0.3756606182131038,6761891.127835869,18000000.0,False
1995-08-28 23:30:00-04:00,12,0.3440915200549146,6193647.360988463,18000000.0,False
1995-08-28 23:45:00-04:00,12,0.48182607102870767,8672869.278516738,18000000.0,False
1995-08-29 00:00:00-04:00,12,0.2055665614003088,3700198.1052055582,18000000.0,False
1995-08-29 00:15:00-04:00,12,0.32451635761656444,5841294.43709816,18000000.0,False
1995-08-29 00:30:00-04:00,12,0.3607424061265351,6493363.3102776315,18000000.0,False
1995-08-29 00:45:00-04:00,12,0.1932164023830094,3477895.2428941694,18000000.0,False
1995-08-29 01:00:00-04:00,12,0.22560513115279435,4060892.360750298,18000000.0,False
1995-08-29 01:15:00-04:00,12,0.3469261641087299,6244670.953957139,18000000.0,False
1995-08-29 01:30:00-04:00,12,0.342062971917354,6157133.494512373,18000000.0,False
1995-08-29 01:45:00-04:00,12,0.3680066786168018,6624120.215102432,18000000.0,False
1995-08-29 02:00:00-04:00,12,0.26645880551973156,4796258.499355168,18000000.0,False
1995-08-29 02:15:00-04:00,12,0.14050454622015685,2529081.8319628234,18000000.0,False
1995-08-29 02:30:00-04:00,12,0.2630883301693966,4735589.943049138,18000000.0,False
1995-08-29 02:45:00-04:00,12,0.37632184100682353,6773793.138122823,18000000.0,False
1995-08-29 03:00:00-04:00,12,0.3609693176848519,6497447.718327334,18000000.0,False
1995-08-29 03:15:00-04:00,12,0.2258082000242415,4064547.600436347,18000000.0,False
1995-08-29 03:30:00-04:00,12,0.33919003637910966,6105420.654823974,18000000.0,False
1995-08-29 03:45:00-04:00,12,0.35171437526464366,6330858.754763586,18000000.0,False
1995-08-29 04:00:00-04:00,12,0.6016324632817743,10829384.339071939,18000000.0,False
1995-08-29 04:15:00-04:00,12,0.2545603669202058,4582086.604563704,18000000.0,False
1995-08-29 04:30:00-04:00,12,0.439129093917241,7904323.690510337,18000000.0,False
1995-08-29 04:45:00-04:00,12,0.26076377132167905,4693747.883790223,18000000.0,False
1995-08-29 05:00:00-04:00,12,0.34709285946972246,6247671.470455004,18000000.0,False
1995-08-29 05:15:00-04:00,12,0.31828254621904206,5729085.831942758,18000000.0,False
1995-08-29 05:30:00-04:00,12,0.4009373586133637,7216872.455040547,18000000.0,False
1995-08-29 05:45:00-04:00,12,0.5457993484793974,9824388.272629153,18000000.0,False
1995-08-29 06:00:00-04:00,12,0.5671642634913727,10208956.742844708,18000000.0,False
1995-08-29 06:15:00-04:00,12,0.3904360943609967,7027849.698497941,18000000.0,False
1995-08-29 06:30:00-04:00,12,0.32079193854878985,5774254.893878217,18000000.0,False
1995-08-29 06:45:00-04:00,12,0.2755499657301395,4959899.383142511,18000000.0,False
1995-08-29 07:00:00-04:00,12,0.3559502397702491,6407104.315864484,18000000.0,False
1995-08-29 07:15:00-04:00,12,0.34590193286648085,6226234.791596656,18000000.0,False
1995-08-29 07:30:00-04:00,12,0.42934382542325233,7728188.857618542,18000000.0,False
1995-08-29 07:45:00-04:00,12,0.42538568807973204,7656942.385435177,18000000.0,False
1995-08-29 08:00:00-04:00,12,0.42004068868654937,7560732.396357888,18000000.0,False
1995-08-29 08:15:00-04:00,12,0.4703507092334218,8466312.766201593,18000000.0,False
1995-08-29 08:30:00-04:00,12,0.4446901007399692,8004421.813319445,18000000.0,False
1995-08-29 08:45:00-04:00,12,0.5900262804733221,10620473.048519798,18000000.0,False
1995-08-29 09:00:00-04:00,12,0.5601767525759415,10083181.546366947,18000000.0,False
1995-08-29 09:15:00-04:00,12,0.7654533873720035,13778160.972696064,18000000.0,False
1995-08-29 09:30:00-04:00,12,0.6925358571535121,12465645.428763218,18000000.0,False
1995-08-29 09:45:00-04:00,12,0.5746151287447981,10343072.317406368,18000000.0,False
1995-08-29 10:00:00-04:00,12,0.8454434965554251,15217982.93799765,18000000.0,False
1995-08-29 10:15:00-04:00,12,0.6378334040574106,11481001.273033392,18000000.0,False
1995-08-29 10:30:00-04:00,12,0.9654567392407393,17378221.306333307,18000000.0,False
1995-08-29 10:45:00-04:00,12,0.7818920290613631,14074056.523104535,18000000.0,False
1995-08-29 11:00:00-04:00,12,0.6018268705925405,10832883.670665728,18000000.0,False
1995-08-29 11:15:00-04:00,12,0.7039219531239091,12670595.156230364,18000000.0,False
1995-08-29 11:30:00-04:00,12,0.824022003544508,14832396.063801145,18000000.0,False
1995-08-29 11:45:00-04:00,12,0.9595830438021024,17272494.788437843,18000000.0,False
1995-08-29 12:00:00-04:00,12,0.7528013666939234,13550424.60049062,18000000.0,False
1995-08-29 12:15:00-04:00,13,1.033627323555672,20155732.809335608,19500000.0,True
1995-08-29 12:30:00-04:00,13,1.087039994930289,21197279.901140634,19500000.0,False
1995-08-29 12:45:00-04:00,13,0.9530831601008809,18585121.621967178,19500000.0,False
1995-08-29 13:00:00-04:00,14,1.0924622211414914,22941706.64397132,21000000.0,True
1995-08-29 13:15:00-04:00,14,0.8668046132316642,18202896.87786495,21000000.0,False
1995-08-29 13:30:00-04:00,14,0.9248518930989548,19421889.75507805,21000000.0,False
1995-08-29 13:45:00-04:00,14,0.9577709155883299,20113189.22735493,21000000.0,False
1995-08-29 14:00:00-04:00,14,0.894610964405345,18786830.252512246,21000000.0,False
1995-08-29 14:15:00-04:00,14,0.9390276754056185,19719581.18351799,21000000.0,False
1995-08-29 14:30:00-04:00,14,1.060456941318062,22269595.767679304,21000000.0,False
1995-08-29 14:45:00-04:00,14,1.0904247254841368,22898919.235166874,21000000.0,False
1995-08-29 15:00:00-04:00,14,0.9907918665707753,20806629.197986282,21000000.0,False
1995-08-29 15:15:00-04:00,14,1.0494669196023492,22038805.311649334,21000000.0,False
1995-08-29 15:30:00-04:00,14,0.9137935692134106,19189664.953481622,21000000.0,False
1995-08-29 15:45:00-04:00,14,0.9979073521865622,20956054.395917807,21000000.0,False
1995-08-29 16:00:00-04:00,15,1.077990687574661,24254790.47042987,22500000.0,True
1995-08-29 16:15:00-04:00,15,1.0987333671178865,24721500.760152448,22500000.0,False
1995-08-29 16:30:00-04:00,15,0.7346386859073106,16529370.43291449,22500000.0,False
1995-08-29 16:45:00-04:00,15,0.6485785144521045,14593016.57517235,22500000.0,False
1995-08-29 17:00:00-04:00,15,0.6103405329318967,13732661.990967676,22500000.0,False
1995-08-29 17:15:00-04:00,15,0.48816836964637556,10983788.31704345,22500000.0,False
1995-08-29 17:30:00-04:00,15,0.5193993019545001,11686484.293976253,22500000.0,False
1995-08-29 17:45:00-04:00,15,0.5334264624457289,12002095.4050289,22500000.0,False
1995-08-29 18:00:00-04:00,15,0.5228110197692251,11763247.944807565,22500000.0,False
1995-08-29 18:15:00-04:00,15,0.5276982975783276,11873211.695512373,22500000.0,False
1995-08-29 18:30:00-04:00,15,0.3571792766340941,8036533.724267118,22500000.0,False
1995-08-29 18:45:00-04:00,15,0.4199559381046559,9449008.607354758,22500000.0,False
1995-08-29 19:00:00-04:00,15,0.3950915139899942,8889559.064774869,22500000.0,False
1995-08-29 19:15:00-04:00,15,0.3443029944090298,7746817.37420317,22500000.0,False
1995-08-29 19:30:00-04:00,15,0.4446436721607528,10004482.623616938,22500000.0,False
1995-08-29 19:45:00-04:00,14,0.33710464429523984,7079197.530200036,21000000.0,True
1995-08-29 20:00:00-04:00,14,0.2959457999873821,6214861.799735024,21000000.0,False
1995-08-29 20:15:00-04:00,14,0.4169175818942598,8755269.219779456,21000000.0,False
1995-08-29 20:30:00-04:00,14,0.605542515391385,12716392.823219087,21000000.0,False
1995-08-29 20:45:00-04:00,14,0.4959560748641591,10415077.572147341,21000000.0,False
1995-08-29 21:00:00-04:00,14,0.5435626616197964,11414815.894015724,21000000.0,False
1995-08-29 21:15:00-04:00,14,0.46239084093661437,9710207.659668902,21000000.0,False
1995-08-29 21:30:00-04:00,14,0.5684023192910355,11936448.705111746,21000000.0,False
1995-08-29 21:45:00-04:00,14,0.7120985719069729,14954070.010046432,21000000.0,False
1995-08-29 22:00:00-04:00,14,0.4007208562937677,8415137.982169122,21000000.0,False
1995-08-29 22:15:00-04:00,14,0.4426258492304718,9295142.833839908,21000000.0,False
1995-08-29 22:30:00-04:00,14,0.49239440585864086,10340282.523031458,21000000.0,False
1995-08-29 22:45:00-04:00,14,0.36910181810729953,7751138.18025329,21000000.0,False
1995-08-29 23:00:00-04:00,14,0.4218959988904733,8859815.976699939,21000000.0,False
1995-08-29 23:15:00-04:00,14,0.38380452142394766,8059894.949902901,21000000.0,False
1995-08-29 23:30:00-04:00,14,0.47323166236128666,9937864.90958702,21000000.0,False
1995-08-29 23:45:00-04:00,14,0.5169368316875664,10855673.465438895,21000000.0,False
1995-08-30 00:00:00-04:00,14,0.40262865680464205,8455201.792897483,21000000.0,False
1995-08-30 00:15:00-04:00,14,0.3405542197302126,7151638.614334465,21000000.0,False
1995-08-30 00:30:00-04:00,14,0.41552296886601053,8725982.34618622,21000000.0,False
1995-08-30 00:45:00-04:00,14,0.39445508853337813,8283556.8592009405,21000000.0,False
1995-08-30 01:00:00-04:00,14,0.19524087269530252,4100058.326601353,21000000.0,False
1995-08-30 01:15:00-04:00,14,0.16421163969792174,3448444.4336563563,21000000.0,False
1995-08-30 01:30:00-04:00,14,0.308163258341966,6471428.425181286,21000000.0,False
1995-08-30 01:45:00-04:00,14,0.026985213225374283,566689.4777328599,21000000.0,False
1995-08-30 02:00:00-04:00,14,0.3167096986989793,6650903.672678566,21000000.0,False
1995-08-30 02:15:00-04:00,14,0.26836451176042875,5635654.746969004,21000000.0,False
1995-08-30 02:30:00-04:00,14,0.2612101944726494,5485414.083925637,21000000.0,False
1995-08-30 02:45:00-04:00,14,0.23295640501711806,4892084.505359479,21000000.0,False
1995-08-30 03:00:00-04:00,14,0.17175216703527427,3606795.5077407598,21000000.0,False
1995-08-30 03:15:00-04:00,14,0.24961791766838334,5241976.27103605,21000000.0,False
1995-08-30 03:30:00-04:00,14,0.33210902358284533,6974289.495239752,21000000.0,False
1995-08-30 03:45:00-04:00,14,0.2865362907863254,6017262.106512833,21000000.0,False
1995-08-30 04:00:00-04:00,14,0.24974411394949833,5244626.392939465,21000000.0,False
1995-08-30 04:15:00-04:00,14,0.21095861890654258,4430130.997037394,21000000.0,False
1995-08-30 04:30:00-04:00,14,0.2209530436386448,4640013.9164115405,21000000.0,False
1995-08-30 04:45:00-04:00,14,0.3180783173141335,6679644.663596803,21000000.0,False
1995-08-30 05:00:00-04:00,14,0.22060675251212752,4632741.802754678,21000000.0,False
1995-08-30 05:15:00-04:00,14,0.13929338620066076,2925161.110213876,21000000.0,False
1995-08-30 05:30:00-04:00,14,0.17795213819755548,3736994.9021486654,21000000.0,False
1995-08-30 05:45:00-04:00,14,0.16273172905598754,3417366.3101757383,21000000.0,False
1995-08-30 06:00:00-04:00,14,0.21680641955306434,4552934.810614351,21000000.0,False
1995-08-30 06:15:00-04:00,14,0.17726207562535912,3722503.588132541,21000000.0,False
1995-08-30 06:30:00-04:00,14,0.23157927115504123,4863164.694255866,21000000.0,False
1995-08-30 06:45:00-04:00,14,0.6136615019314473,12886891.540560393,21000000.0,False
1995-08-30 07:00:00-04:00,14,0.6687717696621883,14044207.162905954,21000000.0,False
1995-08-30 07:15:00-04:00,14,0.3380241159501371,7098506.434952878,21000000.0,False
1995-08-30 07:30:00-04:00,14,0.5829488143100229,12241925.10051048,21000000.0,False
1995-08-30 07:45:00-04:00,14,0.13960921112862523,2931793.43370113,21000000.0,False
1995-08-30 08:00:00-04:00,14,0.5040062264286397,10584130.755001433,21000000.0,False
1995-08-30 08:15:00-04:00,14,0.4455968623301786,9357534.10893375,21000000.0,False
1995-08-30 08:30:00-04:00,14,0.6605963997466963,13872524.394680621,21000000.0,False
1995-08-30 08:45:00-04:00,14,0.697448388599939,14646416.160598718,21000000.0,False
1995-08-30 09:00:00-04:00,14,0.8234068816542861,17291544.51474001,21000000.0,False
1995-08-30 09:15:00-04:00,14,0.8234279532825587,17291987.018933732,21000000.0,False
1995-08-30 09:30:00-04:00,14,0.7568931857200534,15894756.90012112,21000000.0,False
1995-08-30 09:45:00-04:00,15,1.1032980228906633,24824205.51503992,22500000.0,True
1995-08-30 10:00:00-04:00,15,0.8237104346630508,18533484.779918645,22500000.0,False
1995-08-30 10:15:00-04:00,15,0.902962921676271,20316665.737716097,22500000.0,False
1995-08-30 10:30:00-04:00,15,0.8330816848799663,18744337.90979924,22500000.0,False
1995-08-30 10:45:00-04:00,15,0.8698039305423435,19570588.43720273,22500000.0,False
1995-08-30 11:00:00-04:00,15,1.0775801726291914,24245553.88415681,22500000.0,False
1995-08-30 11:15:00-04:00,15,0.8660256255273602,19485576.574365605,22500000.0,False
1995-08-30 11:30:00-04:00,15,0.7722672693984926,17376013.561466083,22500000.0,False
1995-08-30 11:45:00-04:00,15,0.6036040442367776,13581090.995327495,22500000.0,False
1995-08-30 12:00:00-04:00,15,0.7565415310711052,17022184.44909987,22500000.0,False
1995-08-30 12:15:00-04:00,15,0.7574690038107431,17043052.58574172,22500000.0,False
1995-08-30 12:30:00-04:00,15,0.5335707214496584,12005341.232617315,22500000.0,False
1995-08-30 12:45:00-04:00,15,0.7657905534669702,17230287.45300683,22500000.0,False
1995-08-30 13:00:00-04:00,15,0.7685896393532446,17293266.885448005,22500000.0,False
1995-08-30 13:15:00-04:00,15,0.9364799280601501,21070798.38135338,22500000.0,False
1995-08-30 13:30:00-04:00,16,0.8306402151463943,19935365.163513463,24000000.0,True
1995-08-30 13:45:00-04:00,16,0.7887535871979232,18930086.09275016,24000000.0,False
1995-08-30 14:00:00-04:00,16,0.7522671032245047,18054410.477388114,24000000.0,False
1995-08-30 14:15:00-04:00,16,0.7007007393392436,16816817.744141847,24000000.0,False
1995-08-30 14:30:00-04:00,16,0.7794381013275197,18706514.431860473,24000000.0,False
1995-08-30 14:45:00-04:00,16,0.9060585905869761,21745406.174087428,24000000.0,False
1995-08-30 15:00:00-04:00,16,0.9711429778841413,23307431.46921939,24000000.0,False
1995-08-30 15:15:00-04:00,16,0.9223354057312294,22136049.737549506,24000000.0,False
1995-08-30 15:30:00-04:00,16,0.9757649848507571,23418359.63641817,24000000.0,False
1995-08-30 15:45:00-04:00,16,0.881065337498816,21145568.099971585,24000000.0,False
1995-08-30 16:00:00-04:00,16,0.8290047500480899,19896114.00115416,24000000.0,False
1995-08-30 16:15:00-04:00,16,0.8893339725987658,21344015.34237038,24000000.0,False
1995-08-30 16:30:00-04:00,16,0.7875621982130371,18901492.75711289,24000000.0,False
1995-08-30 16:45:00-04:00,16,0.9480788488728049,22753892.372947317,24000000.0,False
1995-08-30 17:00:00-04:00,16,0.647814112922937,15547538.710150488,24000000.0,False
1995-08-30 17:15:00-04:00,17,0.7150250409936418,18233138.545337867,25500000.0,True
1995-08-30 17:30:00-04:00,17,0.6759793110186164,17237472.43097472,25500000.0,False
1995-08-30 17:45:00-04:00,17,0.7485466533117645,19087939.659449995,25500000.0,False
1995-08-30 18:00:00-04:00,17,0.5774232269480026,14724292.287174068,25500000.0,False
1995-08-30 18:15:00-04:00,17,0.4746350366990814,12103193.435826575,25500000.0,False
1995-08-30 18:30:00-04:00,17,0.5860945371751397,14945410.697966063,25500000.0,False
1995-08-30 18:45:00-04:00,17,0.5492027101344495,14004669.108428463,25500000.0,False
1995-08-30 19:00:00-04:00,17,0.801442891581516,20436793.73532866,25500000.0,False
1995-08-30 19:15:00-04:00,17,0.7069229781594423,18026535.943065777,25500000.0,False
1995-08-30 19:30:00-04:00,17,0.46895907956348315,11958456.52886882,25500000.0,False
1995-08-30 19:45:00-04:00,17,0.38931129454751234,9927438.010961564,25500000.0,False
1995-08-30 20:00:00-04:00,17,0.4906187612278037,12510778.411308995,25500000.0,False
1995-08-30 20:15:00-04:00,17,0.5862764119847794,14950048.505611874,25500000.0,False
1995-08-30 20:30:00-04:00,17,0.4403014240494393,11227686.313260702,25500000.0,False
1995-08-30 20:45:00-04:00,17,0.4401436188637868,11223662.281026563,25500000.0,False
1995-08-30 21:00:00-04:00,16,0.6796098914141534,16310637.393939681,24000000.0,True
1995-08-30 21:15:00-04:00,16,0.5548771278202596,13317051.06768623,24000000.0,False
1995-08-30 21:30:00-04:00,16,0.39608838230457855,9506121.175309885,24000000.0,False
1995-08-30 21:45:00-04:00,16,0.569444946689188,13666678.720540512,24000000.0,False
1995-08-30 22:00:00-04:00,16,0.571971385959398,13727313.263025552,24000000.0,False
1995-08-30 22:15:00-04:00,16,0.5468650458551206,13124761.100522894,24000000.0,False
1995-08-30 22:30:00-04:00,16,0.5240707631160049,12577698.314784117,24000000.0,False
1995-08-30 22:45:00-04:00,16,0.595118904320986,14282853.703703664,24000000.0,False
1995-08-30 23:00:00-04:00,16,0.6642973575990844,15943136.582378024,24000000.0,False
1995-08-30 23:15:00-04:00,16,0.6902414646285188,16565795.151084451,24000000.0,False
1995-08-30 23:30:00-04:00,16,0.583731989998838,14009567.759972112,24000000.0,False
1995-08-30 23:45:00-04:00,16,0.6126971007642084,14704730.418341,24000000.0,False
1995-08-31 00:00:00-04:00,16,0.6402579759802155,15366191.423525171,24000000.0,False
1995-08-31 00:15:00-04:00,16,0.7131780617488317,17116273.48197196,24000000.0,False
1995-08-31 00:30:00-04:00,16,0.3450680192662968,8281632.462391123,24000000.0,False
1995-08-31 00:45:00-04:00,16,0.46443512526085795,11146443.00626059,24000000.0,False
1995-08-31 01:00:00-04:00,16,0.3523091078850073,8455418.589240175,24000000.0,False
1995-08-31 01:15:00-04:00,16,0.3623057140407032,8695337.136976877,24000000.0,False
1995-08-31 01:30:00-04:00,16,0.1938150717102783,4651561.72104668,24000000.0,False
1995-08-31 01:45:00-04:00,16,0.3713571560941268,8912571.746259043,24000000.0,False
1995-08-31 02:00:00-04:00,16,0.29334007726897116,7040161.854455308,24000000.0,False
1995-08-31 02:15:00-04:00,16,0.34846033020607603,8363047.924945825,24000000.0,False
1995-08-31 02:30:00-04:00,16,0.4763562033273226,11432548.879855743,24000000.0,False
1995-08-31 02:45:00-04:00,16,0.35386130184237474,8492671.244216993,24000000.0,False
1995-08-31 03:00:00-04:00,16,0.34944807800179617,8386753.872043109,24000000.0,False
1995-08-31 03:15:00-04:00,16,0.3166970214377133,7600728.514505119,24000000.0,False
1995-08-31 03:30:00-04:00,16,0.2674315860127005,6418358.064304813,24000000.0,False
1995-08-31 03:45:00-04:00,16,0.38061782675553013,9134827.842132723,24000000.0,False
1995-08-31 04:00:00-04:00,16,0.326807461616473,7843379.078795352,24000000.0,False
1995-08-31 04:15:00-04:00,16,0.2570712693767198,6169710.465041276,24000000.0,False
1995-08-31 04:30:00-04:00,16,0.2436302653215158,5847126.367716379,24000000.0,False
1995-08-31 04:45:00-04:00,16,0.2958250459193788,7099801.102065092,24000000.0,False
1995-08-31 05:00:00-04:00,16,0.18977591432964452,4554621.943911469,24000000.0,False
1995-08-31 05:15:00-04:00,16,0.3550134956944786,8520323.896667486,24000000.0,False
1995-08-31 05:30:00-04:00,16,0.3236777538321374,7768266.091971299,24000000.0,False
1995-08-31 05:45:00-04:00,16,0.4274537374235639,10258889.698165534,24000000.0,False
1995-08-31 06:00:00-04:00,16,0.2591577463087207,6219785.911409296,24000000.0,False
1995-08-31 06:15:00-04:00,16,0.3269802097411492,7847525.033787581,24000000.0,False
1995-08-31 06:30:00-04:00,16,0.3464800099246391,8315520.238191339,24000000.0,False
1995-08-31 06:45:00-04:00,16,0.33991109512992934,8157866.283118305,24000000.0,False
1995-08-31 07:00:00-04:00,16,0.1346438554515719,3231452.530837726,24000000.0,False
1995-08-31 07:15:00-04:00,16,0.4048474320828751,9716338.369989002,24000000.0,False
1995-08-31 07:30:00-04:00,16,0.47882071258288506,11491697.101989241,24000000.0,False
1995-08-31 07:45:00-04:00,16,0.5917625349876403,14202300.839703366,24000000.0,False
1995-08-31 08:00:00-04:00,16,0.5074318247427687,12178363.79382645,24000000.0,False
1995-08-31 08:15:00-04:00,16,0.7210899529000255,17306158.869600613,24000000.0,False
1995-08-31 08:30:00-04:00,16,0.8707145049990692,20897148.11997766,24000000.0,False
1995-08-31 08:45:00-04:00,16,0.7591562844848018,18219750.827635244,24000000.0,False
1995-08-31 09:00:00-04:00,16,0.8399546453498968,20158911.488397524,24000000.0,False
1995-08-31 09:15:00-04:00,16,0.9371407392362727,22491377.741670545,24000000.0,False
1995-08-31 09:30:00-04:00,16,0.9264614522910587,22235074.85498541,24000000.0,False
1995-08-31 09:45:00-04:00,17,1.0488291289386071,26745142.787934482,25500000.0,True
1995-08-31 10:00:00-04:00,17,1.0133867864691772,25841363.054964017,25500000.0,False
1995-08-31 10:15:00-04:00,17,1.0114319505695064,25791514.739522416,25500000.0,False
1995-08-31 10:30:00-04:00,17,1.0150826373222233,25884607.251716692,25500000.0,False
1995-08-31 10:45:00-04:00,17,1.0147193961362173,25875344.601473544,25500000.0,False
1995-08-31 11:00:00-04:00,17,1.0136809319325235,25848863.764279347,25500000.0,False
1995-08-31 11:15:00-04:00,17,1.0342011745034407,26372129.949837737,25500000.0,False
1995-08-31 11:30:00-04:00,18,1.2455795506897616,33630647.86862356,27000000.0,True
1995-08-31 11:45:00-04:00,18,1.0169951043644212,27458867.817839373,27000000.0,False
1995-08-31 12:00:00-04:00,18,0.9654887879474267,26068197.27458052,27000000.0,False
1995-08-31 12:15:00-04:00,18,0.851902258556325,23001360.981020775,27000000.0,False
1995-08-31 12:30:00-04:00,18,0.7305713947116095,19725427.657213457,27000000.0,False
1995-08-31 12:45:00-04:00,18,0.917223528425817,24765035.26749706,27000000.0,False
1995-08-31 13:00:00-04:00,18,0.8679772961360475,23435386.99567328,27000000.0,False
1995-08-31 13:15:00-04:00,18,0.8742182616190909,23603893.063715454,27000000.0,False
1995-08-31 13:30:00-04:00,18,0.8870671038294193,23950811.80339432,27000000.0,False
1995-08-31 13:45:00-04:00,18,0.8587335384977894,23185805.539440315,27000000.0,False
1995-08-31 14:00:00-04:00,18,0.8423109785271967,22742396.42023431,27000000.0,False
1995-08-31 14:15:00-04:00,18,0.727514437825249,19642889.821281724,27000000.0,False
1995-08-31 14:30:00-04:00,18,0.9362024217895566,25277465.38831803,27000000.0,False
1995-08-31 14:45:00-04:00,18,0.9848178366606967,26590081.58983881,27000000.0,False
1995-08-31 15:00:00-04:00,18,0.7067871405297871,19083252.79430425,27000000.0,False
1995-08-31 15:15:00-04:00,19,0.8012479089901633,22835565.406219654,28500000.0,True
1995-08-31 15:30:00-04:00,19,0.6771515047576759,19298817.885593764,28500000.0,False
1995-08-31 15:45:00-04:00,19,0.8880546039830283,25309556.213516306,28500000.0,False
1995-08-31 16:00:00-04:00,19,0.6494881994151628,18510413.683332138,28500000.0,False
1995-08-31 16:15:00-04:00,19,0.2178079930637976,6207527.802318232,28500000.0,False
1995-08-31 16:30:00-04:00,19,0.4917523735755244,14014942.646902446,28500000.0,False
1995-08-31 16:45:00-04:00,19,0.5117760044992917,14585616.128229816,28500000.0,False
1995-08-31 17:00:00-04:00,19,0.4915609747460091,14009487.78026126,28500000.0,False
1995-08-31 17:15:00-04:00,19,0.7522673750181172,21439620.18801634,28500000.0,False
1995-08-31 17:30:00-04:00,19,0.6119133018735904,17439529.103397325,28500000.0,False
1995-08-31 17:45:00-04:00,19,0.4032804619696933,11493493.16613626,28500000.0,False
1995-08-31 18:00:00-04:00,19,0.4522053938400055,12887853.724440157,28500000.0,False
1995-08-31 18:15:00-04:00,19,0.5923449630065969,16881831.445688013,28500000.0,False
1995-08-31 18:30:00-04:00,19,0.5231795730012408,14910617.830535363,28500000.0,False
1995-08-31 18:45:00-04:00,19,0.49208572213015656,14024443.080709461,28500000.0,False
1995-08-31 19:00:00-04:00,18,0.3906761173383306,10548255.168134926,27000000.0,True
1995-08-31 19:15:00-04:00,18,0.4740258108642242,12798696.893334053,27000000.0,False
1995-08-31 19:30:00-04:00,18,0.43489693417241665,11742217.22265525,27000000.0,False
1995-08-31 19:45:00-04:00,18,0.5049165504728127,13632746.862765942,27000000.0,False
1995-08-31 20:00:00-04:00,18,0.48245378012138207,13026252.063277315,27000000.0,False
1995-08-31 20:15:00-04:00,18,0.45782996897189504,12361409.162241166,27000000.0,False
1995-08-31 20:30:00-04:00,18,0.41543089422078333,11216634.14396115,27000000.0,False
1995-08-31 20:45:00-04:00,18,0.48940360526782867,13213897.342231374,27000000.0,False
1995-08-31 21:00:00-04:00,18,0.4562063306107687,12317570.926490756,27000000.0,False
1995-08-31 21:15:00-04:00,18,0.3499170278360661,9447759.751573784,27000000.0,False
1995-08-31 21:30:00-04:00,18,0.3854509708828942,10407176.213838143,27000000.0,False
1995-08-31 21:45:00-04:00,18,0.40754741560408425,11003780.221310275,27000000.0,False
1995-08-31 22:00:00-04:00,18,0.254590402638591,6873940.871241957,27000000.0,False
1995-08-31 22:15:00-04:00,18,0.5206958674213846,14058788.420377385,27000000.0,False
1995-08-31 22:30:00-04:00,18,0.35589129056176144,9609064.845167559,27000000.0,False
1995-08-31 22:45:00-04:00,18,0.4991560779256349,13477214.103992142,27000000.0,False
1995-08-31 23:00:00-04:00,18,0.5076090383191898,13705444.034618124,27000000.0,False
1995-08-31 23:15:00-04:00,18,0.48195981440632585,13012914.988970798,27000000.0,False
1995-08-31 23:30:00-04:00,18,0.432283206640454,11671646.579292258,27000000.0,False
1995-08-31 23:45:00-04:00,18,0.2791903675322994,7538139.923372084,27000000.0,False
